ClassName,Hour,AmountBin,Transactions,TotalAmount
Fraud,0,€0–1,1,0.0
Fraud,0,€100–500,1,451.27
Fraud,0,€1–10,2,10.39
Fraud,0,"€500–1,000",2,1358.41
Fraud,1,€100–500,2,501.15
Fraud,1,€10–50,2,56.76
Fraud,1,€1–10,3,8.99
Fraud,1,"€500–1,000",1,600.73
Fraud,1,€50–100,2,111.69
Fraud,2,€0–1,1,0.01
Fraud,2,"€1,000+",1,1809.68
Fraud,2,€100–500,7,1426.87
Fraud,2,€10–50,10,331.54
Fraud,2,€1–10,33,49.54
Fraud,2,"€500–1,000",1,571.48
Fraud,2,€50–100,4,328.86
Fraud,3,€0–1,2,0.76
Fraud,3,€100–500,1,179.66
Fraud,3,€10–50,1,30.39
Fraud,3,€1–10,13,23.1
Fraud,4,€0–1,6,0.93
Fraud,4,€100–500,4,718.55
Fraud,4,€10–50,2,33.43
Fraud,4,€1–10,10,28.93
Fraud,4,"€500–1,000",1,766.36
Fraud,5,"€1,000+",1,1218.89
Fraud,5,€100–500,1,188.78
Fraud,5,€1–10,9,9.0
Fraud,6,€0–1,2,0.76
Fraud,6,€100–500,1,186.13
Fraud,6,€1–10,3,5.12
Fraud,6,"€500–1,000",1,635.1
Fraud,6,€50–100,2,180.21
Fraud,7,€10–50,1,23.36
Fraud,7,€1–10,1,3.76
Fraud,7,"€500–1,000",1,730.86
Fraud,7,€50–100,20,1999.8
Fraud,8,€0–1,3,2.04
Fraud,8,€100–500,3,316.59
Fraud,8,€10–50,2,47.36
Fraud,8,€50–100,1,65.0
Fraud,9,€0–1,2,0.76
Fraud,9,€100–500,3,381.62
Fraud,9,€10–50,4,71.46
Fraud,9,€1–10,5,23.82
Fraud,9,"€500–1,000",1,717.15
Fraud,9,€50–100,1,60.6
Fraud,10,€0–1,1,0.0
Fraud,10,"€1,000+",1,2125.87
Fraud,10,€100–500,1,111.7
Fraud,10,€10–50,4,108.82
Fraud,10,€1–10,1,3.22
Fraud,11,€0–1,5,2.28
Fraud,11,€100–500,12,2639.02
Fraud,11,€10–50,7,223.02
Fraud,11,€1–10,16,42.65
Fraud,11,"€500–1,000",4,2948.15
Fraud,11,€50–100,9,715.61
Fraud,12,"€1,000+",1,1335.0
Fraud,12,€100–500,4,1225.43
Fraud,12,€10–50,1,24.9
Fraud,12,€1–10,9,10.0
Fraud,12,"€500–1,000",1,723.21
Fraud,12,€50–100,1,88.0
Fraud,13,€0–1,5,2.28
Fraud,13,€100–500,5,1152.3
Fraud,13,€10–50,1,19.73
Fraud,13,€1–10,4,10.58
Fraud,13,"€500–1,000",1,925.31
Fraud,13,€50–100,1,84.28
Fraud,14,€0–1,6,2.99
Fraud,14,€100–500,3,494.86
Fraud,14,€10–50,2,61.92
Fraud,14,€1–10,3,17.48
Fraud,14,"€500–1,000",4,2563.92
Fraud,14,€50–100,5,499.95
Fraud,15,€0–1,5,2.43
Fraud,15,€100–500,9,2195.96
Fraud,15,€1–10,12,35.7
Fraud,16,€0–1,2,0.77
Fraud,16,"€1,000+",1,1389.56
Fraud,16,€100–500,5,1259.44
Fraud,16,€10–50,2,64.62
Fraud,16,€1–10,9,32.42
Fraud,16,"€500–1,000",2,1663.82
Fraud,16,€50–100,1,94.82
Fraud,17,€0–1,7,1.52
Fraud,17,"€1,000+",1,1402.16
Fraud,17,€100–500,5,1125.02
Fraud,17,€10–50,3,47.13
Fraud,17,€1–10,11,27.29
Fraud,17,"€500–1,000",1,720.38
Fraud,17,€50–100,1,50.0
Fraud,18,€0–1,4,1.54
Fraud,18,"€1,000+",3,3956.17
Fraud,18,€100–500,5,1517.02
Fraud,18,€10–50,3,86.5
Fraud,18,€1–10,14,27.74
Fraud,18,"€500–1,000",1,549.06
Fraud,18,€50–100,3,207.11
Fraud,19,€0–1,6,4.61
Fraud,19,€100–500,4,1158.92
Fraud,19,€1–10,7,31.45
Fraud,19,"€500–1,000",1,824.83
Fraud,19,€50–100,1,94.82
Fraud,20,€0–1,3,1.92
Fraud,20,€100–500,6,1253.85
Fraud,20,€10–50,5,167.11
Fraud,20,€1–10,3,10.59
Fraud,20,€50–100,1,76.94
Fraud,21,€100–500,4,710.46
Fraud,21,€10–50,2,52.29
Fraud,21,€1–10,7,7.0
Fraud,21,€50–100,3,259.75
Fraud,22,€0–1,2,0.2
Fraud,22,€100–500,2,739.08
Fraud,22,€10–50,2,59.85
Fraud,22,€1–10,2,8.57
Fraud,22,"€500–1,000",1,634.3
Fraud,23,€0–1,5,0.76
Fraud,23,€100–500,7,1980.13
Fraud,23,€10–50,2,54.84
Fraud,23,€1–10,4,5.0
Fraud,23,"€500–1,000",2,1024.5
Fraud,23,€50–100,1,77.89
Normal,0,€0–1,490,341.41
Normal,0,"€1,000+",38,69548.72
Normal,0,€100–500,938,190674.7
Normal,0,€10–50,2265,54260.59
Normal,0,€1–10,3026,12174.8
Normal,0,"€500–1,000",119,76904.62
Normal,0,€50–100,813,58483.35
Normal,1,€0–1,201,137.93
Normal,1,"€1,000+",21,30356.87
Normal,1,€100–500,536,106666.35
Normal,1,€10–50,1600,40201.89
Normal,1,€1–10,1259,6421.16
Normal,1,"€500–1,000",67,42325.74
Normal,1,€50–100,526,36936.19
Normal,2,€0–1,398,91.35
Normal,2,"€1,000+",24,59819.51
Normal,2,€100–500,411,81354.55
Normal,2,€10–50,1214,31186.56
Normal,2,€1–10,848,4448.1
Normal,2,"€500–1,000",46,29639.38
Normal,2,€50–100,330,22763.25
Normal,3,€0–1,128,79.79
Normal,3,"€1,000+",17,24832.72
Normal,3,€100–500,320,61732.46
Normal,3,€10–50,1834,40096.58
Normal,3,€1–10,814,4567.23
Normal,3,"€500–1,000",43,27767.56
Normal,3,€50–100,319,22541.91
Normal,4,€0–1,105,62.51
Normal,4,"€1,000+",14,33042.76
Normal,4,€100–500,263,55713.77
Normal,4,€10–50,1069,24578.9
Normal,4,€1–10,465,2564.2
Normal,4,"€500–1,000",61,37477.04
Normal,4,€50–100,209,15191.85
Normal,5,€0–1,116,82.71
Normal,5,"€1,000+",15,24846.13
Normal,5,€100–500,246,50356.55
Normal,5,€10–50,1309,22666.88
Normal,5,€1–10,972,4229.47
Normal,5,"€500–1,000",43,26409.52
Normal,5,€50–100,278,21512.25
Normal,6,€0–1,199,146.18
Normal,6,"€1,000+",26,47566.57
Normal,6,€100–500,449,94062.37
Normal,6,€10–50,1414,30001.27
Normal,6,€1–10,1479,5438.0
Normal,6,"€500–1,000",78,54383.14
Normal,6,€50–100,447,34207.35
Normal,7,€0–1,522,355.73
Normal,7,"€1,000+",55,98906.47
Normal,7,€100–500,911,182442.13
Normal,7,€10–50,2056,52525.36
Normal,7,€1–10,2626,8885.83
Normal,7,"€500–1,000",113,77774.41
Normal,7,€50–100,937,67561.39
Normal,8,€0–1,529,377.36
Normal,8,"€1,000+",111,199202.03
Normal,8,€100–500,1699,348288.63
Normal,8,€10–50,3383,87023.97
Normal,8,€1–10,2680,12044.71
Normal,8,"€500–1,000",216,144065.06
Normal,8,€50–100,1649,120780.54
Normal,9,€0–1,789,481.27
Normal,9,"€1,000+",196,379988.82
Normal,9,€100–500,3163,657768.45
Normal,9,€10–50,5234,135923.8
Normal,9,€1–10,3570,15884.74
Normal,9,"€500–1,000",381,258034.88
Normal,9,€50–100,2489,179492.45
Normal,10,€0–1,792,509.85
Normal,10,"€1,000+",246,430720.61
Normal,10,€100–500,3369,708504.44
Normal,10,€10–50,5438,143877.07
Normal,10,€1–10,3734,16647.3
Normal,10,"€500–1,000",488,335378.45
Normal,10,€50–100,2523,182367.05
Normal,11,€0–1,896,577.74
Normal,11,"€1,000+",265,469668.41
Normal,11,€100–500,3424,709858.28
Normal,11,€10–50,5406,140840.06
Normal,11,€1–10,3759,16741.86
Normal,11,"€500–1,000",464,316508.44
Normal,11,€50–100,2589,186876.05
Normal,12,€0–1,806,557.31
Normal,12,"€1,000+",204,366373.23
Normal,12,€100–500,3214,692704.63
Normal,12,€10–50,4825,124050.87
Normal,12,€1–10,3727,16609.94
Normal,12,"€500–1,000",403,271495.96
Normal,12,€50–100,2224,160023.33
Normal,13,€0–1,849,580.09
Normal,13,"€1,000+",175,329292.47
Normal,13,€100–500,2932,621437.88
Normal,13,€10–50,5014,126801.01
Normal,13,€1–10,3815,16995.89
Normal,13,"€500–1,000",400,267235.83
Normal,13,€50–100,2163,155972.9
Normal,14,€0–1,918,620.76
Normal,14,"€1,000+",248,449071.9
Normal,14,€100–500,3051,637197.38
Normal,14,€10–50,5270,133160.6
Normal,14,€1–10,4234,18160.44
Normal,14,"€500–1,000",447,303347.99
Normal,14,€50–100,2379,170432.75
Normal,15,€0–1,909,625.84
Normal,15,"€1,000+",215,385519.01
Normal,15,€100–500,3237,675169.24
Normal,15,€10–50,5384,136249.06
Normal,15,€1–10,4085,18381.02
Normal,15,"€500–1,000",448,305928.34
Normal,15,€50–100,2157,154903.01
Normal,16,€0–1,929,651.42
Normal,16,"€1,000+",245,422443.88
Normal,16,€100–500,3069,654545.35
Normal,16,€10–50,5284,135837.92
Normal,16,€1–10,4254,18943.54
Normal,16,"€500–1,000",452,308520.42
Normal,16,€50–100,2198,157161.93
Normal,17,€0–1,915,640.43
Normal,17,"€1,000+",202,362081.02
Normal,17,€100–500,2951,629434.17
Normal,17,€10–50,4957,124955.49
Normal,17,€1–10,4599,20378.74
Normal,17,"€500–1,000",440,300020.17
Normal,17,€50–100,2073,148616.43
Normal,18,€0–1,978,695.49
Normal,18,"€1,000+",141,240001.46
Normal,18,€100–500,2574,533047.84
Normal,18,€10–50,5376,132775.71
Normal,18,€1–10,5418,23138.38
Normal,18,"€500–1,000",326,223323.41
Normal,18,€50–100,2193,156983.91
Normal,19,€0–1,1024,751.21
Normal,19,"€1,000+",132,219176.07
Normal,19,€100–500,2325,485736.68
Normal,19,€10–50,5185,129245.18
Normal,19,€1–10,4695,20966.23
Normal,19,"€500–1,000",334,225142.2
Normal,19,€50–100,1935,137278.15
Normal,20,€0–1,1156,847.26
Normal,20,"€1,000+",133,226418.83
Normal,20,€100–500,2557,522317.55
Normal,20,€10–50,5377,133289.22
Normal,20,€1–10,5180,23139.06
Normal,20,"€500–1,000",286,195394.8
Normal,20,€50–100,2049,146155.97
Normal,21,€0–1,1135,859.95
Normal,21,"€1,000+",142,212715.72
Normal,21,€100–500,2597,528642.92
Normal,21,€10–50,5451,138596.06
Normal,21,€1–10,5886,23449.55
Normal,21,"€500–1,000",311,209281.85
Normal,21,€50–100,2165,154039.63
Normal,22,€0–1,1109,860.06
Normal,22,"€1,000+",111,203963.73
Normal,22,€100–500,2133,433826.13
Normal,22,€10–50,4648,116441.26
Normal,22,€1–10,5343,21652.33
Normal,22,"€500–1,000",249,169911.67
Normal,22,€50–100,1839,130858.61
Normal,23,€0–1,843,637.61
Normal,23,"€1,000+",84,145515.71
Normal,23,€100–500,1429,299132.1
Normal,23,€10–50,3341,82911.94
Normal,23,€1–10,3861,16483.27
Normal,23,"€500–1,000",182,122125.12
Normal,23,€50–100,1177,83824.29
