Stage,Model,Imbalance,PR_AUC,ROC_AUC,Accuracy,Threshold,Precision,Recall,F1,TP,FP,FN,TN,FraudCaughtEUR,FraudMissedEUR,ReviewCost,TotalCost,NetSavings
validation: imbalance study,Logistic Regression,No adjustment,0.675029,0.969133,0.999087,0.5,0.794872,0.632653,0.704545,62,16,36,56847,4545.52,7984.08,780.0,8764.08,3765.52
validation: imbalance study,Logistic Regression,Class weights,0.684724,0.980718,0.976879,0.5,0.061826,0.877551,0.115514,86,1305,12,55558,9406.24,3123.36,13910.0,17033.36,-4503.76
validation: imbalance study,Logistic Regression,SMOTE,0.685313,0.979049,0.975229,0.5,0.0591,0.897959,0.110901,88,1401,10,55462,10040.36,2489.24,14890.0,17379.24,-4849.64
validation: imbalance study,Logistic Regression,Undersampling,0.638119,0.975013,0.961834,0.5,0.038256,0.877551,0.073316,86,2162,12,54701,9760.4,2769.2,22480.0,25249.2,-12719.6
validation,XGBoost,scale_pos_weight (sqrt ratio),0.828605,0.983713,0.999473,0.262,0.886364,0.795918,0.83871,78,10,20,56853,8222.42,4307.18,880.0,5187.18,7342.42
validation,Random Forest,balanced_subsample weights,0.80228,0.954161,0.999421,0.277,0.857143,0.795918,0.825397,78,13,20,56850,8222.42,4307.18,910.0,5217.18,7312.42
validation,Logistic Regression,SMOTE,0.685313,0.979049,0.999052,0.999,0.692982,0.806122,0.745283,79,35,19,56828,8224.42,4305.18,1140.0,5445.18,7084.42
validation,Isolation Forest,unsupervised,0.127119,0.946117,0.996629,0.678,0.186667,0.285714,0.225806,28,122,70,56741,3672.05,8857.55,1500.0,10357.55,2172.05
test,XGBoost,scale_pos_weight (sqrt ratio),0.878199,0.977773,0.999561,0.262,0.893617,0.848485,0.870466,84,10,15,56853,7366.38,2507.97,940.0,3447.97,6426.38
test,Random Forest,balanced_subsample weights,0.876554,0.956107,0.999508,0.277,0.89011,0.818182,0.852632,81,10,18,56853,7156.29,2718.06,910.0,3628.06,6246.29
test,Logistic Regression,SMOTE,0.765552,0.966766,0.999192,0.999,0.734513,0.838384,0.783019,83,30,16,56833,7366.6,2507.75,1130.0,3637.75,6236.6
test,Isolation Forest,unsupervised,0.146957,0.95279,0.996594,0.678,0.167832,0.242424,0.198347,24,119,75,56744,3997.29,5877.06,1430.0,7307.06,2567.29
